testlevr,BCBKTjM2,,,
testlevr,BCG1ANwM,,,
testlevr,BCHtfdbU,,,
testlevr,BCMDXYGF,,,
testlevr,BCJydZ5v,,,
testlevr,BC5w9Nkc,,,
testlevr,BCp2ggaG,,,
testlevr,BCXYCDpu,,,
testlevr,BCgsxzhC,,,
testlevr,BCdqFfzG,,,
testlevr,BCrYWrGX,ajouter,BCBKTjM2,BCG1ANwM
testlevr,BCAhbRxj,,,
testlevr,BCyWMy64,,,
testlevr,BCRBwyJf,,,
testlevr,BCS4dbQw,,,
testlevr,BCvkXP3q,,,
testlevr,BCuyxRAc,,,
testlevr,BCHNa7fw,,,
testlevr,BCXNjawK,,,
testlevr,BCUJCDqN,,,
testlevr,BCjQ3RvR,,,
testlevr,BChpm7xQ,,,
testlevr,BCZ9fy1R,,,
testlevr,BC48bgCD,,,
testlevr,BCadMHUb,,,
testlevr,BC7HT8gw,,,
testlevr,BCSFgtR3,,,
testlevr,BCz5dnSJ,,,
testlevr,BCA2rEF5,,,
testlevr,BC45Je6T,,,
testlevr,BCu9Q12P,,,
testlevr,BCs1srYM,,,
testlevr,BCKHbZZN,,,
testlevr,BC92RJrS,,,
testlevr,BCrsbAqq,,,
testlevr,BCAMK4AP,,,
testlevr,BCp47RHH,,,
testlevr,BC18S3Sp,,,
testlevr,BCmzyu3V,,,
testlevr,BCzu38uz,,,
testlevr,BCTvEGcp,,,
testlevr,BCwMJxMD,,,
testlevr,BCbFtTvs,,,
testlevr,BCSyxVJ3,,,
testlevr,BChfS5Jw,,,
testlevr,BCKHJbw8,,,
testlevr,BCPuJpf1,,,
testlevr,BCxfAbfU,,,
testlevr,BCmGtHff,,,
testlevr,BCewsFa1,,,
testlevr,BCj42cjE,,,
testlevr,BCMZ3pj2,,,
testlevr,BCmzAhz7,,,
testlevr,BCdbSNG,,,
testlevr,BCTchx88,,,
testlevr,BC2paqNd,,,
testlevr,BCUVZQF,,,
testlevr,BC7Qmk8,,,
testlevr,BCnCphPd,,,
testlevr,BC6ytK8X,,,
testlevr,BCZEN7AS,,,
testlevr,BCV96UMR,,,
testlevr,BCGhKVU8,,,
testlevr,BCuByXnW,,,
testlevr,BCmpdJUH,,,
testlevr,BCDbpuq5,,,
testlevr,BC6dAFS3,,,
testlevr,BCtbxxZC,,,
testlevr,BCbhdURF,,,
testlevr,BCBRGy4T,,,
testlevr,BCaCXCve,,,
testlevr,BCU29WV3,,,
testlevr,BCRfMwzu,,,
testlevr,BCkDN9hu,,,
testlevr,BCTJmgmu,,,
testlevr,BC7CuFnX,,,
testlevr,BC7WrgVR,,,
testlevr,BCncDF8s,,,
testlevr,BCnjJUNP,,,
testlevr,BCCnsmKm,,,
testlevr,BChrgRFT,,,
testlevr,BC2ZTtMC,,,
testlevr,BCJjYXhk,,,
testlevr,BCF3wT68,,,
testlevr,BCqrVf4X,,,
testlevr,BC5VBrA7,,,
testlevr,BC7nSsVR,,,
testlevr,BC4daHea,,,
testlevr,BCQkX9TS,,,
testlevr,BCKYdEFz,,,
testlevr,BC8X3MvX,,,
testlevr,BC7GW3cE,,,
testlevr,BC6sXDNt,,,
testlevr,BC3ETjjm,,,
testlevr,BCMpabPh,,,
testlevr,BC2pbaFq,,,
testlevr,BCEaPUNz,,,
testlevr,BChAkSmz,,,
testlevr,BCD3Wb4K,,,
testlevr,BChA8Q7X,,,
,,,,
testlevr;BCA2rEF6,,Enlever,,
testlevr;BCA2rEF7,,,,
testlevr;BCA2rEF8,,,,
testlevr;BCA2rEF9,,,,
testlevr;BCA2rEF10,,,,
testlevr;BCA2rEF11,,,,
testlevr;BCA2rEF12,,,,
testlevr;BCA2rEF13,,,,
testlevr;BCA2rEF14,,,,
testlevr;BCA2rEF15,,,,
testlevr;BCA2rEF16,,,,
testlevr;BCA2rEF17,,,,
testlevr;BCA2rEF18,,,,
testlevr;BCA2rEF19,,,,
testlevr;BCA2rEF20,,,,
testlevr;BCA2rEF21,,,,
testlevr;BCA2rEF22,,,,
testlevr;BCA2rEF23,,,,
testlevr;BCA2rEF24,,,,
testlevr;BCA2rEF25,,,,
testlevr;BCA2rEF26,,,,
testlevr;BCA2rEF27,,,,
testlevr;BCA2rEF28,,,,
testlevr;BCA2rEF29,,,,
testlevr;BCA2rEF30,,,,
testlevr;BCA2rEF31,,,,
testlevr;BCA2rEF32,,,,
testlevr;BCA2rEF33,,,,
testlevr;BCA2rEF34,,,,
testlevr;BCA2rEF35,,,,
testlevr;BCA2rEF36,,,,
testlevr;BCA2rEF37,,,,
testlevr;BCA2rEF38,,,,
testlevr;BCA2rEF39,,,,
testlevr;BCA2rEF40,,,,
testlevr;BCA2rEF41,,,,
testlevr;BCA2rEF42,,,,
testlevr;BCA2rEF43,,,,
testlevr;BCA2rEF44,,,,
testlevr;BCA2rEF45,,,,
testlevr;BCA2rEF46,,,,
testlevr;BCA2rEF47,,,,
testlevr;BCA2rEF48,,,,
testlevr;BCA2rEF49,,,,
testlevr;BCA2rEF50,,,,
testlevr;BCA2rEF51,,,,
testlevr;BCA2rEF52,,,,
testlevr;BCA2rEF53,,,,
testlevr;BCA2rEF54,,,,
testlevr;BCA2rEF55,,,,
testlevr;BCA2rEF56,,,,
testlevr;BCA2rEF57,,,,
testlevr;BCA2rEF58,,,,
testlevr;BCA2rEF59,,,,
testlevr;BCA2rEF60,,,,
testlevr;BCA2rEF61,,,,
testlevr;BCA2rEF62,,,,
testlevr;BCA2rEF63,,,,
testlevr;BCA2rEF64,,,,
testlevr;BCA2rEF65,,,,
testlevr;BCA2rEF66,,,,
testlevr;BCA2rEF67,,,,
testlevr;BCA2rEF68,,,,
testlevr;BCA2rEF69,,,,
testlevr;BCA2rEF70,,,,
testlevr;BCA2rEF71,,,,
testlevr;BCA2rEF72,,,,
testlevr;BCA2rEF73,,,,
testlevr;BCA2rEF74,,,,
testlevr;BCA2rEF75,,,,
testlevr;BCA2rEF76,,,,
